t/s,v/(m/s),β [°],n [rpm],M [Nm],Pmech [W],Ugen [V],Igen [A],Sgen [VA],Pgen [W],Qgen [var],Ulsc [V],Ilsc [A],Slsc [VA],Plsc [W],Qlsc [var],Stot [VA],Ptot [W],Qtot [var]
0.0,12.5,0.0,2281.0,4.97,1187.16,312.087,1.21947,683.218,683.071,-14.1859,312.612,0.109682,57.1948,57.159,-2.02215,740.407,740.23,-16.208
0.247,12.5,0.0,2281.0,4.91,1172.83,312.362,1.21238,683.004,682.851,-14.468,312.901,0.110262,57.4693,57.4283,-2.17109,740.466,740.279,-16.6391
0.497,12.5,0.0,2281.0,4.97,1187.16,311.976,1.21639,683.935,683.733,-16.6325,312.406,0.107389,56.4279,56.4029,-1.6781,740.362,740.136,-18.3106
0.747,12.5,0.0,2281.0,4.91,1172.83,311.553,1.21113,683.975,683.822,-14.478,312.112,0.109611,57.3377,57.3027,-2.00204,741.308,741.124,-16.4801
0.997,12.5,0.0,2281.0,4.98,1189.55,312.721,1.22047,682.008,681.883,-13.0773,313.18,0.109615,57.4998,57.4653,-1.99357,739.501,739.348,-15.0709
1.247,12.5,0.0,2281.0,4.89,1168.05,314.399,1.22586,677.389,677.25,-13.7308,314.854,0.108301,56.2573,56.2233,-1.9539,733.641,733.473,-15.6847
1.497,12.5,0.0,2281.0,4.97,1187.16,314.6,1.23216,684.214,684.006,-16.8883,315.11,0.108572,56.2103,56.1773,-1.92657,740.422,740.183,-18.8149
1.747,12.5,0.0,2281.0,4.94,1180.0,314.215,1.22681,678.459,678.278,-15.6758,314.701,0.10852,56.3158,56.2864,-1.8209,734.773,734.564,-17.4967
1.997,12.5,0.0,2281.0,4.95,1182.39,313.962,1.22965,683.662,683.502,-14.8211,314.433,0.109379,56.5334,56.4972,-2.02441,740.191,739.999,-16.8455
2.247,12.5,0.0,2280.0,4.96,1184.25,313.981,1.22563,678.462,678.317,-14.0271,314.436,0.109966,56.6738,56.6256,-2.33809,735.125,734.943,-16.3652
2.497,12.5,0.0,2281.0,4.92,1175.22,313.472,1.22836,680.269,680.083,-15.883,313.947,0.108456,56.2566,56.2176,-2.09527,736.52,736.301,-17.9782
2.747,12.5,0.0,2280.0,5.0,1193.81,312.848,1.22708,681.976,681.799,-15.5561,313.281,0.110513,57.3268,57.2831,-2.23702,739.296,739.082,-17.7932
2.997,12.5,0.0,2280.0,4.97,1186.64,312.646,1.22011,678.986,678.799,-15.9557,313.108,0.106655,55.6745,55.6281,-2.27174,734.653,734.427,-18.2274
3.247,12.5,0.0,2281.0,4.94,1180.0,318.979,1.23192,688.521,688.351,-15.328,319.484,0.11303,57.7722,57.7683,-0.669651,746.29,746.119,-15.9977
3.497,12.5,0.0,2280.0,4.99,1191.42,314.026,1.20943,683.047,682.879,-15.1779,314.612,0.110612,57.5886,57.5782,-1.09182,740.636,740.457,-16.2697
3.747,12.5,0.0,2281.0,4.95,1182.39,312.453,1.22143,686.328,686.109,-17.3218,312.954,0.109256,57.0998,57.0657,-1.9719,743.426,743.175,-19.2937
3.997,12.5,0.0,2279.0,4.98,1188.51,312.411,1.20365,680.52,680.372,-14.1874,312.932,0.109093,57.4682,57.444,-1.67024,737.986,737.816,-15.8576
4.247,12.5,0.0,2281.0,4.95,1182.39,311.659,1.21725,681.054,680.897,-14.6084,312.148,0.109242,56.7442,56.7106,-1.95253,737.794,737.608,-16.5609
4.497,12.5,0.0,2280.0,4.96,1184.25,312.142,1.21359,679.963,679.819,-14.0297,312.621,0.109922,57.2215,57.1894,-1.91648,737.181,737.008,-15.9462
4.747,12.5,0.0,2281.0,4.99,1191.94,317.986,1.21718,683.516,683.241,-19.407,318.501,0.112295,57.6868,57.6824,-0.711919,741.196,740.923,-20.1189
4.997,12.5,0.0,2279.0,4.97,1186.12,315.007,1.2186,686.709,686.547,-14.9495,315.548,0.111745,58.0194,58.0127,-0.884111,744.728,744.559,-15.8336
5.247,12.5,0.0,2284.0,4.84,1157.63,315.149,1.2054,682.823,682.674,-14.2875,315.705,0.110691,57.3491,57.3404,-0.995813,740.172,740.014,-15.2834
5.497,12.5,0.0,2296.0,4.4,1057.92,202.737,1.73771,471.993,429.725,195.229,203.56,0.552635,175.211,4.30615,175.158,570.587,434.031,370.387
5.7,12.5,0.8,2310.0,4.37,1057.11,202.851,1.8494,521.608,475.526,214.361,203.702,0.504424,166.188,-7.7914,166.006,602.872,467.734,380.367
5.95,12.5,1.12,2317.0,5.73,1390.3,291.981,1.39875,651.519,643.735,100.41,292.651,0.354103,75.8651,47.7339,58.966,709.599,691.469,159.376
6.153,12.5,1.44,2294.0,5.41,1299.63,314.757,1.34958,770.373,770.362,-4.23004,315.402,0.134181,73.2398,73.2388,-0.379088,843.613,843.601,-4.60912
6.403,12.5,1.28,2281.0,5.29,1263.6,312.661,1.33754,755.837,755.81,-6.27852,313.163,0.12245,64.5985,64.5978,0.289202,820.43,820.408,-5.98932
6.653,12.5,0.96,2279.0,4.66,1112.14,310.832,1.17825,664.248,664.246,-1.78832,311.405,0.0981521,50.2123,50.2087,0.60112,714.455,714.454,-1.1872
6.903,12.5,0.8,2280.0,5.02,1198.58,310.24,1.16123,654.746,654.744,-1.32047,310.784,0.0986837,50.6501,50.65,0.117676,705.395,705.394,-1.2028
7.153,12.5,0.64,2279.0,4.96,1183.74,311.017,1.223,691.148,691.121,-6.09743,311.518,0.104879,54.9734,54.9728,0.252734,746.116,746.094,-5.8447
7.403,12.5,0.48,2279.0,4.94,1178.96,309.829,1.16365,661.726,661.72,-2.79064,310.352,0.103434,53.4532,53.4532,0.0843122,715.179,715.173,-2.70633
7.653,12.5,0.32,2279.0,4.96,1183.74,310.544,1.2113,686.514,686.475,-7.39484,311.134,0.104508,54.9258,54.9253,0.229968,741.434,741.4,-7.16487
7.903,12.5,0.16,2279.0,4.93,1176.58,309.817,1.19193,677.584,677.538,-7.86044,310.439,0.103164,54.0704,54.0704,-0.0317453,731.651,731.609,-7.89218
8.153,12.5,0.16,2280.0,4.96,1184.25,310.907,1.20424,682.541,682.471,-9.74092,311.468,0.103948,54.5404,54.5393,0.34417,737.071,737.011,-9.39675
8.403,12.5,0.0,2281.0,4.95,1182.39,310.089,1.19474,680.61,680.539,-9.77693,310.641,0.103545,54.5943,54.5934,0.312461,735.194,735.133,-9.46447
8.653,12.5,0.0,2280.0,4.99,1191.42,310.675,1.19879,681.769,681.678,-11.1368,311.287,0.105132,54.9184,54.9183,0.0725316,736.679,736.596,-11.0643
8.903,12.5,0.0,2281.0,4.96,1184.77,310.581,1.2098,687.5,687.38,-12.8525,311.2,0.107661,56.5584,56.5582,-0.131176,744.051,743.938,-12.9837
9.153,12.5,0.0,2282.0,4.96,1185.29,311.079,1.20676,685.62,685.509,-12.3735,311.649,0.105816,55.2203,55.2202,0.101026,740.83,740.729,-12.2725
9.403,12.5,0.0,2281.0,4.94,1180.0,310.93,1.2004,684.436,684.323,-12.4583,311.575,0.107434,56.4817,56.4817,-0.0280533,740.909,740.804,-12.4863
9.653,12.5,0.0,2281.0,5.01,1196.72,310.982,1.2038,684.789,684.653,-13.6598,311.55,0.104133,55.4931,55.493,0.129754,740.269,740.146,-13.53
9.903,12.5,0.0,2281.0,4.95,1182.39,311.435,1.1949,680.916,680.803,-12.436,312.06,0.106635,55.7648,55.7647,0.0561917,736.671,736.567,-12.3798
10.153,12.5,0.0,2280.0,4.99,1191.42,310.884,1.19511,680.533,680.391,-13.9231,311.478,0.106439,55.9041,55.9038,0.181837,736.423,736.295,-13.7412
10.403,12.5,0.0,2281.0,4.98,1189.55,311.49,1.19297,683.397,683.263,-13.5117,312.136,0.104872,55.6103,55.6099,-0.217888,739.001,738.873,-13.7296
10.653,12.5,0.0,2281.0,4.94,1180.0,311.455,1.19059,678.716,678.592,-12.9799,312.044,0.106489,55.9999,55.9996,-0.185252,734.71,734.592,-13.1652
10.903,12.5,0.0,2281.0,4.97,1187.16,311.987,1.20408,685.12,684.972,-14.2256,312.599,0.106282,55.9583,55.9581,0.1332,741.064,740.93,-14.0924
11.153,12.5,0.0,2281.0,4.95,1182.39,312.077,1.19595,681.435,681.296,-13.7848,312.714,0.105803,55.5241,55.524,-0.0965697,736.951,736.82,-13.8814
11.403,12.5,0.0,2280.0,5.0,1193.81,317.218,1.23524,679.067,678.939,-13.205,317.731,0.109431,57.2452,57.2035,-2.18373,736.303,736.142,-15.3887
11.622,12.5,0.0,2280.0,4.98,1189.03,316.699,1.23196,678.159,678.012,-14.1209,317.169,0.108572,56.4365,56.4096,-1.74318,734.593,734.422,-15.8641
11.872,12.5,0.0,2279.0,5.01,1195.67,316.782,1.23339,678.993,678.845,-14.2055,317.27,0.108167,56.404,56.3725,-1.88544,735.393,735.217,-16.091
12.122,12.5,0.0,2280.0,4.99,1191.42,316.66,1.2303,680.117,679.93,-15.9481,317.165,0.105494,55.3199,55.2817,-2.05635,735.432,735.212,-18.0044
12.372,12.5,0.0,2281.0,4.96,1184.77,316.414,1.23463,681.579,681.377,-16.566,316.893,0.10965,56.5504,56.5086,-2.17355,738.124,737.886,-18.7395
12.622,12.5,0.0,2280.0,5.01,1196.19,316.149,1.23749,683.156,683.035,-12.8819,316.592,0.107183,56.2665,56.2202,-2.28124,739.41,739.255,-15.1632
12.872,12.5,0.0,2281.0,4.94,1180.0,316.255,1.23405,682.101,681.915,-15.9323,316.743,0.107119,56.0913,56.0624,-1.79762,738.19,737.977,-17.7299
13.122,12.5,0.0,2280.0,4.98,1189.03,315.65,1.23624,681.916,681.773,-13.955,316.124,0.108009,56.3664,56.3383,-1.78047,738.279,738.111,-15.7355
13.372,12.5,0.0,2281.0,4.96,1184.77,314.142,1.23032,682.346,682.181,-15.0223,314.615,0.108988,56.444,56.4077,-2.02166,738.785,738.588,-17.0439
13.622,12.5,0.0,2280.0,4.99,1191.42,314.023,1.22402,679.935,679.787,-14.1643,314.506,0.109036,57.2262,57.178,-2.34658,737.15,736.966,-16.5109
13.872,12.5,0.0,2282.0,4.92,1175.73,318.734,1.24295,686.561,686.417,-14.0341,319.192,0.112561,57.1387,57.1373,0.406698,743.68,743.555,-13.6274
14.106,12.5,0.0,2281.0,4.97,1187.16,311.616,1.23313,686.335,686.166,-15.1883,312.051,0.110273,56.6566,56.6504,-0.836555,742.99,742.817,-16.0249
14.341,12.5,0.0,2281.0,4.97,1187.16,312.739,1.21734,683.16,682.988,-15.3498,313.205,0.108695,55.7478,55.7456,0.49934,738.883,738.733,-14.8504
14.544,12.5,0.0,2280.0,4.98,1189.03,316.188,1.24816,688.836,688.602,-17.9636,316.65,0.111246,56.9834,56.9794,0.678144,745.782,745.581,-17.2854
14.763,12.5,0.0,2281.0,4.96,1184.77,314.421,1.24123,680.895,680.74,-14.5271,314.839,0.111421,56.6856,56.6856,-0.0460207,737.57,737.426,-14.5731
14.981,12.5,0.0,2281.0,5.03,1201.49,315.38,1.23213,685.408,685.281,-13.2126,315.929,0.1074,55.6151,55.6128,-0.509808,741.02,740.893,-13.7224
15.216,12.5,0.0,2280.0,4.98,1189.03,312.072,1.20495,685.391,685.199,-16.2215,312.658,0.10942,56.4856,56.4855,0.0977788,741.86,741.685,-16.1237
15.45,12.5,0.0,2281.0,4.98,1189.55,318.685,1.23915,686.852,686.744,-12.2067,319.28,0.108772,55.9425,55.9411,0.40067,742.779,742.685,-11.806
15.669,12.5,0.0,2281.0,4.98,1189.55,312.735,1.19616,678.817,678.647,-15.2242,313.286,0.1122,58.0508,58.0396,-1.13812,736.868,736.686,-16.3623
15.919,12.5,0.0,2279.0,4.97,1186.12,316.517,1.22748,683.644,683.503,-13.8739,317.098,0.108037,56.0857,56.0849,0.298481,739.712,739.588,-13.5754
16.138,12.5,0.0,2280.0,5.01,1196.19,315.48,1.2127,688.829,688.646,-15.8925,316.079,0.110981,57.4453,57.4444,0.33076,746.253,746.09,-15.5617
16.388,12.5,0.0,2278.0,5.02,1197.53,315.243,1.21774,679.975,679.858,-12.61,315.733,0.109433,56.6046,56.6003,-0.695906,736.578,736.458,-13.3059
16.638,12.5,0.0,2280.0,4.96,1184.25,314.846,1.21877,685.112,685.006,-12.0555,315.401,0.107033,56.0899,56.0895,-0.203594,741.197,741.095,-12.2591
16.841,12.5,0.0,2279.0,4.97,1186.12,313.067,1.2277,681.61,681.368,-18.135,313.51,0.111468,57.1962,57.1934,-0.565022,738.798,738.562,-18.7
17.075,12.5,0.0,2280.0,4.95,1181.87,315.955,1.24488,683.374,683.252,-12.9434,316.395,0.11342,58.1329,58.1241,-1.01059,741.507,741.376,-13.954
17.31,12.5,0.0,2279.0,4.95,1181.35,309.899,1.2126,687.311,687.178,-13.528,310.395,0.104712,55.0892,55.0891,-0.0418504,742.391,742.267,-13.5699
17.544,12.5,0.0,2281.0,5.0,1194.33,317.533,1.23644,695.673,695.485,-16.1713,318.132,0.111854,57.0346,57.0322,0.519719,752.68,752.517,-15.6516
17.763,12.5,0.0,2279.0,4.99,1190.9,318.581,1.23702,684.524,684.334,-16.1253,319.106,0.110702,55.9133,55.9007,1.18726,740.385,740.234,-14.938
17.981,12.5,0.0,2281.0,4.94,1180.0,316.387,1.23247,688.378,688.218,-14.8173,316.886,0.109188,56.3398,56.3356,-0.682113,744.715,744.554,-15.4994
18.231,12.5,0.0,2281.0,4.99,1191.94,311.344,1.23196,684.674,684.508,-15.0626,311.794,0.108995,55.6106,55.6097,-0.310647,740.278,740.118,-15.3733
18.45,12.5,0.0,2280.0,4.98,1189.03,315.081,1.23144,690.439,690.291,-14.3194,315.653,0.107513,55.1283,55.1242,0.670784,745.54,745.415,-13.6487
18.685,12.5,0.0,2281.0,4.99,1191.94,313.067,1.20452,683.406,683.227,-15.6203,313.557,0.107849,56.3,56.2985,-0.409619,739.699,739.526,-16.0299
18.888,12.5,0.0,2281.0,4.95,1182.39,314.529,1.24287,683.849,683.709,-13.836,314.898,0.110184,56.667,56.6463,-1.53233,740.515,740.356,-15.3683
19.122,12.5,0.0,2281.0,4.99,1191.94,317.985,1.23201,683.115,682.944,-15.2616,318.507,0.110733,56.9341,56.9323,-0.453504,740.043,739.876,-15.7151
19.356,12.5,0.0,2280.0,4.96,1184.25,317.477,1.26446,688.321,688.122,-16.5556,317.878,0.109458,55.6193,55.6155,-0.648527,743.936,743.737,-17.2041
19.575,12.5,0.0,2281.0,5.03,1201.49,314.722,1.22051,684.045,683.81,-17.9378,315.157,0.113543,57.9902,57.99,-0.142528,742.02,741.8,-18.0803
19.81,12.5,0.0,2281.0,4.96,1184.77,315.04,1.22209,684.375,684.225,-14.3264,315.601,0.104783,55.1924,55.1923,0.0632115,739.555,739.417,-14.2632
20.044,12.5,0.0,2280.0,4.98,1189.03,320.166,1.23427,686.564,686.451,-12.4094,320.768,0.108258,55.5071,55.5066,0.252801,742.058,741.958,-12.1566
20.294,12.5,0.0,2281.0,4.95,1182.39,318.981,1.26227,692.276,692.134,-14.0157,319.457,0.109298,54.6973,54.6857,1.12543,746.931,746.82,-12.8903
20.544,12.5,0.0,2280.0,5.02,1198.58,311.164,1.21336,686.57,686.356,-17.1222,311.716,0.10825,55.833,55.8328,0.135526,742.384,742.189,-16.9867
20.763,12.5,0.0,2281.0,4.94,1180.0,312.925,1.20928,677.52,677.37,-14.2423,313.447,0.106904,55.1456,55.1432,0.504483,732.642,732.514,-13.7379
20.981,12.5,0.0,2279.0,5.01,1195.67,316.837,1.25185,691.119,690.939,-15.7457,317.252,0.11125,56.5869,56.5843,0.537799,747.678,747.524,-15.2079
21.185,12.5,0.0,2282.0,4.96,1185.29,310.669,1.21388,681.876,681.738,-13.6906,311.206,0.110118,56.7137,56.7137,-0.0746056,738.58,738.452,-13.7652
21.403,12.5,0.0,2281.0,4.95,1182.39,315.034,1.21119,686.624,686.427,-16.4722,315.635,0.111577,57.5407,57.5248,-1.35361,744.165,743.952,-17.8258
21.638,12.5,0.0,2280.0,4.99,1191.42,309.97,1.19122,685.085,684.949,-13.6734,310.602,0.102704,55.2152,55.2113,-0.656665,740.299,740.16,-14.3301
21.856,12.5,0.0,2281.0,4.93,1177.61,315.46,1.20945,685.354,685.122,-17.8204,316.042,0.108003,56.2649,56.2635,-0.399772,741.61,741.386,-18.2202
22.106,12.5,0.0,2280.0,4.99,1191.42,315.639,1.20858,683.38,683.183,-16.3853,316.239,0.108305,56.6571,56.645,-1.17134,740.037,739.828,-17.5566
22.356,12.5,0.0,2282.0,4.93,1178.12,320.091,1.2416,682.234,682.133,-11.7147,320.62,0.108949,56.5973,56.5769,-1.51816,738.829,738.71,-13.2329
22.606,12.5,0.0,2279.0,4.96,1183.74,311.583,1.21211,680.28,680.159,-12.8718,312.129,0.106088,55.7036,55.6926,-1.10632,735.984,735.851,-13.9781
22.825,12.5,0.0,2280.0,4.98,1189.03,314.311,1.21846,680.802,680.666,-13.6298,314.864,0.105564,55.5955,55.5889,-0.852914,736.397,736.255,-14.4827
23.06,12.5,0.0,2280.0,4.97,1186.64,313.106,1.21115,683.711,683.542,-15.2033,313.633,0.107449,56.164,56.1631,-0.31355,739.868,739.705,-15.5168
23.294,12.5,0.0,2281.0,4.98,1189.55,310.417,1.20712,688.717,688.568,-14.3336,311.01,0.102157,54.6863,54.6862,-0.0946774,743.394,743.254,-14.4283
23.513,12.5,0.0,2281.0,5.01,1196.72,312.003,1.24192,687.82,687.623,-16.4542,312.456,0.10503,54.2294,54.2249,0.698726,742.015,741.848,-15.7555
23.763,12.5,0.0,2281.0,4.92,1175.22,310.088,1.21274,684.485,684.268,-17.2275,310.65,0.104091,54.8829,54.8824,-0.240854,739.357,739.151,-17.4684
23.966,12.5,0.0,2281.0,4.94,1180.0,313.512,1.21078,679.468,679.356,-12.3065,314.062,0.106017,55.5879,55.5806,-0.903617,735.056,734.937,-13.2101
24.169,12.5,0.0,2281.0,4.94,1180.0,314.428,1.22575,684.472,684.353,-12.7784,315.02,0.103925,55.173,55.1719,-0.354045,739.641,739.525,-13.1324
24.403,12.5,0.0,2282.0,4.96,1185.29,315.377,1.23351,678.715,678.596,-12.7108,315.838,0.107704,56.3024,56.2713,-1.87064,735.012,734.867,-14.5815
24.653,12.5,0.0,2279.0,4.98,1188.51,312.577,1.20139,682.047,681.891,-14.6125,313.192,0.104647,55.6806,55.6806,-0.0351363,737.717,737.571,-14.6477
24.872,12.5,0.0,2279.0,5.02,1198.05,312.095,1.22294,681.372,681.235,-13.6915,312.605,0.109841,57.1501,57.1132,-2.05081,738.516,738.348,-15.7423
25.122,12.5,0.0,2279.0,4.95,1181.35,311.738,1.2242,681.39,681.198,-16.18,312.185,0.108085,56.4131,56.3772,-2.01288,737.8,737.575,-18.1929
25.372,12.5,0.0,2279.0,5.06,1207.6,311.631,1.22029,681.976,681.819,-14.6159,312.074,0.11166,57.8188,57.7878,-1.8925,739.791,739.607,-16.5084
25.622,12.5,0.0,2279.0,4.96,1183.74,312.041,1.21878,680.595,680.387,-16.8323,312.572,0.107686,56.3779,56.3462,-1.89242,736.971,736.733,-18.7247
25.872,12.5,0.0,2278.0,5.07,1209.46,311.736,1.21883,682.419,682.273,-14.082,312.176,0.110886,57.8183,57.7751,-2.23454,740.228,740.048,-16.3165
26.122,12.5,0.0,2279.0,5.01,1195.67,311.464,1.21726,683.8,683.64,-14.7742,311.886,0.108321,56.7461,56.7179,-1.79026,740.544,740.358,-16.5645
26.372,12.5,0.0,2280.0,5.0,1193.81,311.813,1.2254,685.833,685.624,-16.9481,312.284,0.109732,57.3926,57.3508,-2.18797,743.221,742.975,-19.1361
26.622,12.5,0.0,2278.0,5.01,1195.14,311.009,1.21184,681.743,681.612,-13.3592,311.539,0.109286,57.6593,57.6165,-2.22164,739.393,739.229,-15.5808
26.872,12.5,0.0,2280.0,4.98,1189.03,311.347,1.21261,681.401,681.269,-13.4211,311.857,0.108828,57.0323,56.9954,-2.05023,738.426,738.264,-15.4714
27.122,12.5,0.0,2279.0,4.99,1190.9,311.525,1.21036,682.72,682.591,-13.2686,312.028,0.110574,57.4903,57.4559,-1.98769,740.204,740.047,-15.2563
27.372,12.5,0.0,2280.0,4.99,1191.42,311.743,1.21362,682.199,682.048,-14.3465,312.207,0.109622,57.4416,57.4033,-2.0968,739.635,739.452,-16.4433
27.622,12.5,0.0,2280.0,5.0,1193.81,311.845,1.21935,686.94,686.76,-15.6811,312.411,0.109732,57.3843,57.361,-1.6354,744.323,744.122,-17.3165
27.872,12.5,0.0,2280.0,4.96,1184.25,311.806,1.20796,678.973,678.792,-15.6791,312.286,0.108327,56.7721,56.7592,-1.20697,735.745,735.551,-16.8861
28.122,12.5,0.0,2278.0,5.01,1195.14,312.041,1.20745,686.012,685.876,-13.6349,312.591,0.111411,57.9614,57.9367,-1.6901,743.971,743.813,-15.325
28.372,12.5,0.0,2280.0,4.98,1189.03,312.538,1.2052,681.207,681.041,-15.0413,313.069,0.109382,57.4561,57.437,-1.47969,738.662,738.478,-16.521
28.622,12.5,0.0,2279.0,5.01,1195.67,312.106,1.20591,683.998,683.858,-13.8283,312.609,0.110555,57.7828,57.747,-2.03425,741.775,741.605,-15.8625
28.872,12.5,0.0,2280.0,5.01,1196.19,313.088,1.20996,681.478,681.305,-15.3685,313.574,0.10961,56.9836,56.9645,-1.47777,738.461,738.269,-16.8463
29.122,12.5,0.0,2279.0,4.98,1188.51,313.013,1.2174,688.65,688.42,-17.7911,313.58,0.110057,57.0192,57.0,-1.47996,745.669,745.42,-19.2711
29.372,12.5,0.0,2279.0,5.0,1193.28,312.961,1.21612,685.872,685.629,-18.2564,313.452,0.109906,57.1434,57.128,-1.32932,743.015,742.757,-19.5857
29.622,12.5,0.0,2279.0,5.03,1200.44,313.189,1.20289,682.642,682.483,-14.7316,313.666,0.109887,57.7267,57.7102,-1.38341,740.369,740.193,-16.115
29.872,12.5,0.0,2279.0,5.01,1195.67,313.657,1.20325,681.037,680.908,-13.2541,314.245,0.110857,57.9716,57.9575,-1.27772,739.009,738.866,-14.5318
30.122,12.5,0.0,2279.0,5.01,1195.67,313.508,1.20152,681.325,681.185,-13.8384,313.971,0.110423,57.8528,57.8373,-1.3421,739.178,739.022,-15.1805
30.372,12.5,0.0,2280.0,4.98,1189.03,314.081,1.20342,681.794,681.655,-13.7696,314.626,0.11273,59.1788,59.1617,-1.4222,740.973,740.817,-15.1918
30.622,12.5,0.0,2279.0,5.02,1198.05,314.581,1.21649,685.316,685.112,-16.73,315.144,0.109464,57.0488,57.0344,-1.28104,742.365,742.146,-18.0111
30.872,12.5,0.0,2280.0,5.01,1196.19,314.977,1.20844,681.539,681.37,-15.148,315.512,0.111578,57.8963,57.8844,-1.16989,739.435,739.255,-16.3178
31.122,12.5,0.0,2279.0,5.07,1209.99,315.864,1.21224,684.886,684.722,-14.9823,316.409,0.112185,57.796,57.7843,-1.16578,742.682,742.507,-16.1481
31.372,12.5,0.0,2280.0,4.99,1191.42,315.553,1.20226,679.173,679.028,-14.0423,316.063,0.113206,58.4057,58.4006,-0.770036,737.577,737.429,-14.8124
31.622,12.5,0.0,2281.0,4.99,1191.94,315.514,1.22179,688.814,688.638,-15.5854,316.103,0.111671,57.5546,57.5406,-1.26788,746.369,746.178,-16.8533
31.872,12.5,0.0,2280.0,4.95,1181.87,315.687,1.21086,681.965,681.724,-18.1544,316.237,0.109691,57.2057,57.2018,-0.663492,739.165,738.926,-18.8179
32.122,12.5,0.0,2279.0,5.07,1209.99,316.057,1.21761,686.231,686.071,-14.8469,316.625,0.111968,58.1427,58.1359,-0.888462,744.373,744.207,-15.7354
32.372,12.5,0.0,2281.0,5.0,1194.33,316.711,1.21055,682.921,682.73,-16.1448,317.25,0.111258,57.4505,57.4467,-0.655521,740.367,740.177,-16.8003
32.622,12.5,0.0,2279.0,5.04,1202.83,316.599,1.21844,684.488,684.305,-15.8533,317.141,0.111391,57.874,57.8674,-0.873596,742.36,742.172,-16.7269
32.872,12.5,0.0,2280.0,4.98,1189.03,316.824,1.20823,680.693,680.534,-14.728,317.384,0.113358,58.4308,58.4224,-0.99287,739.124,738.956,-15.7209
33.122,12.5,0.0,2280.0,4.99,1191.42,316.882,1.21969,685.708,685.53,-15.5938,317.442,0.111003,57.3303,57.3263,-0.679466,743.035,742.857,-16.2732
33.372,12.5,0.0,2281.0,4.99,1191.94,317.67,1.21777,684.142,683.958,-15.8615,318.196,0.11451,58.5233,58.5159,-0.928612,742.664,742.474,-16.7901
33.622,12.5,0.0,2280.0,5.01,1196.19,317.257,1.22006,684.687,684.462,-17.5397,317.848,0.111806,57.5151,57.5101,-0.757887,742.198,741.972,-18.2976
33.872,12.5,0.0,2281.0,5.0,1194.33,318.159,1.23079,688.149,687.873,-19.4953,318.724,0.113624,58.0788,58.0726,-0.846964,746.223,745.946,-20.3422
34.122,12.5,0.0,2280.0,5.01,1196.19,318.185,1.21741,682.621,682.439,-15.7474,318.683,0.112393,58.0983,58.0896,-1.00486,740.718,740.529,-16.7522
34.372,12.5,0.0,2281.0,5.0,1194.33,317.87,1.22179,686.136,685.877,-18.8507,318.4,0.114319,58.4298,58.4253,-0.725401,744.56,744.302,-19.5761
34.622,12.5,0.0,2280.0,4.99,1191.42,317.983,1.22833,687.442,687.215,-17.6325,318.496,0.112209,57.5099,57.5035,-0.857216,744.948,744.719,-18.4897
34.872,12.5,0.0,2281.0,4.99,1191.94,318.03,1.23116,689.325,689.042,-19.7495,318.578,0.112556,57.5475,57.5427,-0.742093,746.866,746.585,-20.4916
35.122,12.5,0.0,2280.0,5.03,1200.97,318.196,1.22075,683.643,683.425,-17.2406,318.714,0.113255,57.5593,57.5544,-0.746237,741.198,740.98,-17.9868
35.372,12.5,0.0,2281.0,4.98,1189.55,318.206,1.23082,686.958,686.696,-18.9883,318.768,0.113296,57.6056,57.6038,-0.45068,744.554,744.3,-19.439
35.622,12.5,0.0,2280.0,5.01,1196.19,318.368,1.23217,688.424,688.164,-18.9189,318.905,0.111722,56.9479,56.9459,-0.481962,745.362,745.11,-19.4008
35.872,12.5,0.0,2281.0,5.01,1196.72,319.052,1.22587,682.718,682.512,-16.7961,319.6,0.114749,58.3492,58.3491,-0.101647,741.053,740.861,-16.8978
36.122,12.5,0.0,2280.0,5.0,1193.81,319.363,1.23876,689.252,688.998,-18.6829,319.866,0.111896,57.0869,57.0869,0.00548476,746.319,746.085,-18.6774
36.372,12.5,0.0,2282.0,5.01,1197.24,319.496,1.2302,688.306,688.08,-17.6469,320.016,0.112671,57.3752,57.3737,-0.403075,745.672,745.453,-18.0499
36.622,12.5,0.0,2281.0,4.98,1189.55,319.163,1.22541,682.918,682.727,-16.1302,319.736,0.113138,57.8487,57.8459,-0.568799,740.762,740.573,-16.699
36.872,12.5,0.0,2282.0,5.01,1197.24,319.542,1.23408,688.778,688.473,-20.5074,320.088,0.114327,57.514,57.5132,-0.317632,746.277,745.986,-20.8251
37.122,12.5,0.0,2281.0,4.99,1191.94,319.882,1.23733,687.668,687.4,-19.1861,320.415,0.113239,57.0444,57.0432,-0.367953,744.7,744.444,-19.554
37.372,12.5,0.0,2281.0,5.03,1201.49,319.418,1.2306,685.872,685.654,-17.289,319.983,0.11438,58.3863,58.3847,-0.427548,744.249,744.038,-17.7166
37.622,12.5,0.0,2281.0,5.01,1196.72,319.449,1.22779,681.884,681.684,-16.5074,319.947,0.114055,58.1156,58.1129,-0.560544,739.994,739.797,-17.0679
37.872,12.5,0.0,2281.0,5.03,1201.49,319.537,1.23408,685.487,685.253,-17.8997,320.037,0.11475,57.677,57.6761,-0.306923,743.152,742.929,-18.2066
38.122,12.5,0.0,2282.0,5.03,1202.02,319.601,1.23697,689.582,689.335,-18.4541,320.072,0.112495,57.3019,57.2998,-0.48974,746.875,746.635,-18.9438
38.372,12.5,0.0,2282.0,5.01,1197.24,319.637,1.23152,685.348,685.118,-17.7529,320.161,0.115883,58.0264,58.0252,-0.376895,743.364,743.143,-18.1298
38.622,12.5,0.0,2281.0,5.03,1201.49,319.402,1.23405,685.9,685.694,-16.8096,319.892,0.113415,58.0142,58.0142,-0.0790795,743.9,743.709,-16.8886
38.872,12.5,0.0,2282.0,4.99,1192.46,319.537,1.23491,686.787,686.521,-19.0995,320.074,0.113587,57.2309,57.2303,0.256113,743.99,743.751,-18.8434
39.122,12.5,0.0,2281.0,5.03,1201.49,319.359,1.23589,688.91,688.646,-19.0946,319.827,0.113541,57.3524,57.3521,0.180071,746.238,745.998,-18.9146
39.372,12.5,0.0,2281.0,5.01,1196.72,319.815,1.23017,682.561,682.333,-17.6466,320.275,0.11372,57.3295,57.3294,0.0488309,739.872,739.662,-17.5977
39.622,12.5,0.0,2282.0,5.0,1194.85,319.792,1.24755,692.154,691.935,-17.4057,320.307,0.113119,57.3201,57.3197,-0.212269,749.462,749.255,-17.6179
39.872,12.5,0.0,2281.0,5.0,1194.33,319.214,1.23236,682.036,681.864,-15.2997,319.726,0.114888,57.7039,57.7038,0.0755617,739.725,739.568,-15.2241
40.122,12.5,0.0,2281.0,5.02,1199.11,319.058,1.24273,689.132,688.92,-17.1232,319.499,0.112518,57.0322,57.0322,0.0079771,746.148,745.952,-17.1152
40.372,12.5,0.0,2281.0,5.0,1194.33,319.686,1.23772,686.234,686.008,-17.621,320.154,0.113962,57.4624,57.4589,0.629367,743.661,743.467,-16.9916
40.622,12.5,0.0,2281.0,5.05,1206.27,319.535,1.24283,688.594,688.378,-17.2606,320.064,0.111633,56.7911,56.7907,0.219391,745.363,745.168,-17.0412
40.872,12.5,0.0,2281.0,5.02,1199.11,319.528,1.24064,687.599,687.374,-17.6019,319.952,0.114258,57.4004,57.3974,0.592976,744.965,744.771,-17.0089
41.122,12.5,0.0,2282.0,5.01,1197.24,319.858,1.23674,685.643,685.436,-16.8286,320.326,0.112592,57.1285,57.1266,0.467216,742.743,742.563,-16.3614
41.372,12.5,0.0,2282.0,4.98,1190.07,319.837,1.23574,682.913,682.727,-15.9268,320.317,0.114453,57.9476,57.9459,0.438109,740.835,740.673,-15.4887
41.622,12.5,0.0,2282.0,5.0,1194.85,318.867,1.23439,686.569,686.366,-16.7178,319.319,0.111486,56.6702,56.6682,0.472517,743.212,743.034,-16.2453
41.872,12.5,0.0,2282.0,5.0,1194.85,319.078,1.23643,684.023,683.814,-16.8701,319.542,0.113557,57.6719,57.6692,0.553069,741.663,741.484,-16.3171
42.122,12.5,0.0,2282.0,5.01,1197.24,319.076,1.2358,685.077,684.876,-16.5857,319.531,0.113643,57.2871,57.2856,0.418452,742.337,742.161,-16.1672
42.372,12.5,0.0,2282.0,5.01,1197.24,319.012,1.23872,686.115,685.913,-16.6452,319.521,0.113169,57.4535,57.4526,0.326248,743.545,743.366,-16.3189
42.622,12.5,0.0,2282.0,5.01,1197.24,318.914,1.24041,685.688,685.508,-15.6994,319.443,0.113004,57.2933,57.2911,0.507703,742.954,742.799,-15.1917
42.872,12.5,0.0,2282.0,4.98,1190.07,317.605,1.24678,689.852,689.595,-18.8174,318.048,0.112393,56.4045,56.4031,0.39591,746.225,745.998,-18.4215
43.122,12.5,0.0,2282.0,5.03,1202.02,317.784,1.24751,688.026,687.842,-15.9248,318.215,0.112976,56.973,56.9725,0.217211,744.98,744.815,-15.7076
43.372,12.5,0.0,2282.0,4.98,1190.07,318.024,1.24785,688.201,687.979,-17.4715,318.436,0.112003,56.8902,56.8895,0.294741,745.066,744.868,-17.1767
43.622,12.5,0.0,2282.0,5.0,1194.85,317.605,1.23986,685.827,685.65,-15.5705,318.073,0.112056,56.8711,56.8708,0.17802,742.681,742.521,-15.3925
43.872,12.5,0.0,2282.0,5.0,1194.85,317.389,1.24613,687.252,687.051,-16.6059,317.856,0.113344,56.8217,56.8192,0.537719,744.044,743.87,-16.0682
44.122,12.5,0.0,2282.0,4.99,1192.46,316.72,1.2408,688.934,688.721,-17.123,317.173,0.111295,56.1037,56.1005,0.60165,745.004,744.821,-16.5213
44.372,12.5,0.0,2282.0,4.98,1190.07,317.021,1.24457,690.345,690.134,-17.0802,317.521,0.114382,57.1022,57.0995,0.555495,747.416,747.233,-16.5247
44.622,12.5,0.0,2282.0,4.98,1190.07,317.013,1.24005,685.273,685.105,-15.1981,317.534,0.111039,56.6169,56.6153,0.433971,741.867,741.72,-14.7642
44.872,12.5,0.0,2281.0,4.97,1187.16,315.983,1.23862,686.131,685.948,-15.8177,316.454,0.112014,56.6822,56.6744,0.940836,742.772,742.623,-14.8768
45.122,12.5,0.0,2282.0,4.99,1192.46,315.919,1.23396,682.965,682.8,-15.0121,316.349,0.110544,56.8197,56.8135,0.83774,739.749,739.614,-14.1744
45.372,12.5,0.0,2282.0,4.96,1185.29,316.223,1.2384,686.902,686.726,-15.5299,316.661,0.111639,56.4788,56.4748,0.672901,743.35,743.201,-14.857
45.622,12.5,0.0,2282.0,4.97,1187.68,315.753,1.24101,686.61,686.475,-13.6452,316.196,0.112828,57.5429,57.5422,0.293802,744.137,744.017,-13.3514
45.872,12.5,0.0,2283.0,4.93,1178.64,315.619,1.23852,685.541,685.381,-14.8006,316.12,0.112041,56.4365,56.4343,0.498215,741.954,741.816,-14.3024
46.122,12.5,0.0,2281.0,4.98,1189.55,315.002,1.24275,691.058,690.892,-15.1233,315.502,0.112024,56.9167,56.9139,0.570238,747.948,747.806,-14.5531
46.372,12.5,0.0,2282.0,4.95,1182.9,315.405,1.2347,683.999,683.849,-14.3535,315.89,0.113473,57.382,57.3785,0.635431,741.354,741.227,-13.7181
46.622,12.5,0.0,2282.0,4.96,1185.29,315.356,1.23913,686.706,686.565,-13.8909,315.836,0.113859,57.5932,57.5916,0.427288,744.279,744.157,-13.4636
46.872,12.5,0.0,2283.0,4.97,1188.2,314.888,1.24299,687.758,687.574,-15.9164,315.346,0.111567,56.8571,56.8564,0.291063,744.595,744.431,-15.6253
47.122,12.5,0.0,2281.0,4.96,1184.77,314.561,1.23986,690.433,690.232,-16.6629,315.028,0.110982,56.1052,56.0994,0.805575,746.499,746.331,-15.8573
47.372,12.5,0.0,2281.0,4.96,1184.77,314.151,1.2405,690.551,690.336,-17.2327,314.657,0.112607,56.6734,56.6702,0.605177,747.191,747.006,-16.6276
47.622,12.5,0.0,2281.0,4.97,1187.16,314.335,1.23178,684.808,684.645,-14.9522,314.813,0.110977,56.715,56.7139,0.355915,741.502,741.359,-14.5963
47.872,12.5,0.0,2281.0,4.98,1189.55,313.583,1.2342,684.178,684.032,-14.1323,314.137,0.114039,57.5422,57.5402,0.476336,741.698,741.572,-13.6559
48.122,12.5,0.0,2281.0,4.97,1187.16,313.37,1.23044,688.179,687.999,-15.7304,313.899,0.111614,56.7553,56.7495,0.816804,744.898,744.749,-14.9136
48.372,12.5,0.0,2282.0,4.94,1180.51,313.097,1.22977,683.603,683.449,-14.4817,313.628,0.11122,57.1753,57.1703,0.749309,740.747,740.62,-13.7324
48.622,12.5,0.0,2281.0,4.98,1189.55,312.702,1.23073,689.322,689.137,-15.9384,313.231,0.110658,55.8734,55.8669,0.849939,745.157,745.004,-15.0885
48.872,12.5,0.0,2281.0,4.95,1182.39,313.072,1.22954,683.397,683.265,-13.417,313.565,0.110125,56.8217,56.8177,0.672628,740.192,740.083,-12.7444
49.122,12.5,0.0,2281.0,4.98,1189.55,312.167,1.23606,692.983,692.814,-15.3184,312.647,0.110313,56.0892,56.0855,0.649426,749.043,748.899,-14.669
49.372,12.5,0.0,2281.0,4.94,1180.0,312.53,1.22419,681.052,680.908,-13.9898,313.032,0.110128,56.5903,56.588,0.516992,737.619,737.496,-13.4728
49.622,12.5,0.0,2281.0,4.97,1187.16,312.351,1.22897,687.421,687.276,-14.1529,312.887,0.110829,56.6851,56.6834,0.438446,744.085,743.959,-13.7144
49.872,12.5,0.0,2281.0,4.99,1191.94,312.303,1.22402,681.363,681.245,-12.6718,312.827,0.111665,57.0279,57.0268,0.354425,738.375,738.272,-12.3174
50.122,12.5,0.0,2281.0,4.98,1189.55,311.726,1.22113,684.252,684.134,-12.7412,312.223,0.110802,56.9242,56.9221,0.493556,741.157,741.056,-12.2476
50.372,12.5,0.0,2280.0,4.99,1191.42,311.331,1.23089,689.439,689.247,-16.2766,311.816,0.109201,56.2607,56.2575,0.604095,745.669,745.505,-15.6726
50.622,12.5,0.0,2281.0,4.95,1182.39,312.031,1.2272,686.081,685.955,-13.1457,312.535,0.109315,56.3353,56.3339,0.3941,742.398,742.288,-12.7516
50.872,12.5,0.0,2281.0,4.96,1184.77,311.291,1.22581,685.698,685.566,-13.4368,311.839,0.109781,57.1241,57.122,0.490342,742.801,742.688,-12.9465
51.122,12.5,0.0,2281.0,4.95,1182.39,311.227,1.22102,687.546,687.404,-13.945,311.675,0.108144,55.4895,55.4884,0.361173,743.017,742.893,-13.5838
51.372,12.5,0.0,2281.0,4.93,1177.61,310.95,1.23524,692.728,692.546,-15.8833,311.485,0.109699,56.3943,56.3929,0.402523,749.099,748.939,-15.4807
51.622,12.5,0.0,2282.0,4.95,1182.9,311.11,1.21107,681.934,681.821,-12.4275,311.606,0.106981,55.5399,55.5383,0.418997,737.457,737.359,-12.0085
51.872,12.5,0.0,2281.0,4.94,1180.0,311.172,1.22986,690.455,690.309,-14.2004,311.705,0.108728,56.3478,56.3461,0.447562,746.782,746.655,-13.7528
52.122,12.5,0.0,2281.0,4.96,1184.77,311.119,1.21551,685.222,685.098,-13.0639,311.682,0.108993,55.9821,55.9809,0.37493,741.187,741.078,-12.689
52.372,12.5,0.0,2281.0,4.97,1187.16,310.989,1.2219,687.803,687.647,-14.6369,311.485,0.108415,56.7022,56.7022,-0.00751572,744.493,744.349,-14.6444
52.622,12.5,0.0,2281.0,4.94,1180.0,310.767,1.20823,684.872,684.747,-13.061,311.351,0.106732,56.0971,56.0967,-0.196636,740.962,740.844,-13.2577
52.872,12.5,0.0,2281.0,4.97,1187.16,310.692,1.21079,684.722,684.561,-14.8525,311.236,0.107643,56.1586,56.1584,0.144227,740.865,740.719,-14.7083
53.122,12.5,0.0,2281.0,4.95,1182.39,310.625,1.20971,689.239,689.114,-13.0848,311.146,0.107858,55.9497,55.9497,-0.0641437,745.18,745.064,-13.149
53.372,12.5,0.0,2280.0,4.98,1189.03,310.956,1.21606,687.467,687.306,-14.8401,311.495,0.107839,55.6764,55.6764,0.00922808,743.131,742.983,-14.8309
53.622,12.5,0.0,2281.0,4.93,1177.61,310.754,1.20849,683.999,683.88,-12.7399,311.318,0.107092,56.5399,56.5399,0.0632417,740.529,740.42,-12.6766
53.872,12.5,0.0,2281.0,4.98,1189.55,310.782,1.21542,687.207,687.036,-15.3647,311.367,0.106517,56.1469,56.1456,0.378036,743.332,743.181,-14.9867
54.122,12.5,0.0,2281.0,4.95,1182.39,310.449,1.20834,686.934,686.811,-12.9708,311.053,0.108622,56.1217,56.1216,-0.0688008,743.047,742.933,-13.0396
54.372,12.5,0.0,2281.0,4.97,1187.16,310.445,1.20882,685.798,685.67,-13.283,311.034,0.106573,55.9238,55.9231,0.285692,741.707,741.593,-12.9973
54.622,12.5,0.0,2281.0,4.96,1184.77,310.912,1.20876,687.867,687.731,-13.6761,311.513,0.105498,55.0843,55.0827,0.419944,742.932,742.814,-13.2562
54.872,12.5,0.0,2281.0,4.97,1187.16,311.231,1.21049,684.826,684.685,-13.8571,311.827,0.107455,56.0164,56.0163,0.103579,740.829,740.702,-13.7535
55.122,12.5,0.0,2281.0,4.96,1184.77,311.079,1.20673,686.128,686.014,-12.5064,311.766,0.10623,55.3542,55.3537,0.223124,741.47,741.368,-12.2832
55.372,12.5,0.0,2281.0,4.95,1182.39,310.805,1.20762,684.989,684.871,-12.7264,311.387,0.106856,55.9366,55.9366,-0.0337397,740.917,740.808,-12.7602
55.622,12.5,0.0,2280.0,4.97,1186.64,310.611,1.20433,683.697,683.57,-13.1757,311.2,0.106546,55.913,55.9105,0.529989,739.589,739.481,-12.6457
55.872,12.5,0.0,2281.0,4.97,1187.16,311.003,1.20552,684.302,684.161,-13.9142,311.602,0.106862,56.2485,56.2485,-0.0216608,740.541,740.409,-13.9359
56.122,12.5,0.0,2280.0,4.98,1189.03,311.104,1.20406,684.055,683.935,-12.8352,311.721,0.106306,56.1682,56.1676,0.26648,740.209,740.102,-12.5687
56.372,12.5,0.0,2281.0,4.96,1184.77,311.168,1.20868,684.544,684.411,-13.5203,311.743,0.10492,55.0066,55.0057,0.316649,739.534,739.417,-13.2037
56.622,12.5,0.0,2280.0,4.97,1186.64,311.045,1.20411,683.632,683.535,-11.5634,311.674,0.108269,56.4274,56.4267,0.279565,740.047,739.961,-11.2838
56.872,12.5,0.0,2281.0,4.93,1177.61,310.927,1.20161,681.734,681.598,-13.5983,311.52,0.104984,55.4427,55.4426,0.0510416,737.165,737.041,-13.5472
57.122,12.5,0.0,2280.0,4.98,1189.03,311.28,1.21229,688.5,688.378,-12.9583,311.891,0.106642,55.9639,55.9634,-0.222448,744.459,744.342,-13.1807
57.372,12.5,0.0,2281.0,4.93,1177.61,311.468,1.19627,679.999,679.897,-11.7825,312.091,0.105915,55.9427,55.9423,0.222279,735.93,735.839,-11.5602
57.622,12.5,0.0,2281.0,4.93,1177.61,311.983,1.21489,688.482,688.344,-13.7875,312.623,0.106263,55.845,55.8445,-0.222685,744.32,744.188,-14.0102
57.872,12.5,0.0,2281.0,4.95,1182.39,312.283,1.21229,685.655,685.524,-13.4093,312.883,0.104647,55.166,55.1659,0.0606833,740.81,740.69,-13.3486
58.122,12.5,0.0,2280.0,4.96,1184.25,312.186,1.21093,686.733,686.614,-12.7662,312.747,0.106114,55.7385,55.7385,-0.00230552,742.462,742.352,-12.7685
58.372,12.5,0.0,2281.0,4.93,1177.61,311.735,1.2081,685.889,685.744,-14.092,312.325,0.103849,55.0771,55.0759,0.366527,740.947,740.82,-13.7254
58.622,12.5,0.0,2280.0,4.94,1179.48,312.093,1.19943,682.706,682.604,-11.7878,312.703,0.10607,55.5916,55.5913,-0.175483,738.293,738.196,-11.9632
58.872,12.5,0.0,2281.0,4.94,1180.0,311.666,1.20741,685.649,685.524,-13.0945,312.27,0.106138,55.7413,55.741,-0.189214,741.384,741.265,-13.2838
59.122,12.5,0.0,2281.0,4.98,1189.55,312.576,1.19943,683.875,683.752,-12.9391,313.214,0.105844,55.6147,55.6143,-0.220541,739.483,739.366,-13.1596
59.372,12.5,0.0,2281.0,4.92,1175.22,313.157,1.21353,687.135,686.989,-14.1975,313.738,0.103249,55.087,55.0859,-0.344058,742.217,742.074,-14.5416
59.622,12.5,0.0,2281.0,4.99,1191.94,312.536,1.20718,685.902,685.744,-14.7425,313.162,0.103839,55.4416,55.4415,-0.134197,741.335,741.186,-14.8767
59.872,12.5,0.0,2281.0,4.91,1172.83,312.635,1.21109,686.205,686.049,-14.6062,313.294,0.102575,54.6881,54.6878,-0.169368,740.884,740.737,-14.7756
60.122,12.5,0.0,2281.0,4.97,1187.16,313.266,1.21142,687.616,687.469,-14.218,313.883,0.10538,55.7367,55.7365,-0.152799,743.344,743.205,-14.3708
60.372,12.5,0.0,2281.0,4.91,1172.83,313.22,1.19572,680.977,680.851,-13.086,313.87,0.106415,56.4741,56.4724,-0.437394,737.448,737.324,-13.5234
